oaken --> oiffé 
apiece --> un morceau 
usps --> usps 
option --> option 
bobbin --> bobine 
compete --> rivaliser 
monomer --> monomère 
kappa --> kappa 
among --> parmi 
radiant --> radiant
preferred --> préféré
playful --> espiègle 
incontestable --> incontestable 
interrogatory --> interrogatoire 
nauseum --> Garderie 
denmark --> Danemark 
halma --> hamas 
transcontinental --> transcontinental
hardcopy --> Copie conforme 
bract --> bractée 
font --> font 
gate --> portail 
resilient --> résilient
astatine --> astatine 
fracture --> fracture 
antony --> antonie 
bloomington --> bloomington 
riddle --> cribler 
boorish --> rustre 
opiate --> opiacé
hood --> capuche 
evangel --> évangélique 
football --> Football 
bode --> gagner 
ecclesiastic --> ecclésiastique 
extent --> Le degré 
swat --> écraser 
zinc --> zinc 
bausch --> bausch 
coauthor --> coauteur 
escherichia --> Escherichia 
clearance --> autorisation 
bolshevist --> bolcheviste 
jazzy --> jazzy 
osier --> osier 
folksong --> chanson populaire 
contempt --> mépris 
control --> contrôler 
shoehorn --> chausse-pied 
metabolism --> métabolisme 
ambiguity --> ambiguïté 
grendel --> grendel 
cease --> cesser 
throw --> lancer 
tire --> pneu 
joan --> joan 
brunette --> brunette 
barstow --> sauterelle 
creche --> garderie 
ostracism --> ostracisme 
prescription --> ordonnance 
insignia --> insigne 
quadrennial --> quadriennal
meetinghouse --> semelle 
oviduct --> oviducte 
parliamentarian --> parlementaire 
rent --> louer 
enquire --> renseigner 
ashame --> une honte 
governess --> gouvernante 
sorenson --> sorenson 
atmospheric --> atmosphérique 
violet --> violet
roof --> toit
bible --> Bible 
incursion --> incursion 
toronto --> Toronto 
silverware --> argenterie 
bestowal --> don 
leap --> saut
bolo --> C'était 
sideshow --> attraction 
harrisburg --> Harrisburg 
pant --> haleter 
superlative --> superlatif
nyc --> nycé 
straddle --> enjamber 
genealogy --> généalogie 
metric --> métrique 
acetone --> acétone 
ucla --> UCLA 
jimmy --> Jimmy 
mash --> ne pas 
chemisorption --> chimisorption 
breastplate --> pectoral 
lifeguard --> sauveteur
fraternity --> fraternité 
pyroxene --> pyroxène 
efficacy --> efficacité 
justiciable --> justiciable 
adventurous --> aventureux
flock --> troupeau 
formate --> formats 
synonym --> synonyme 
sonoma --> Sonoma 
militarist --> militariste 
text --> texte 
marcia --> marche 
cotta --> cuit 
mana --> où 
inflect --> infléchir 
woven --> tissé 
alistair --> alistair 
foothold --> ancrage 
flageolet --> flageolet 
sicklewort --> maladeau 
edmonds --> Edmonds 
substantive --> substantiel
suffuse --> être suffisant 
imprecate --> malédiction 
pinpoint --> point de vue 
helmholtz --> Helmholtz 
woodrow --> woodrow 
henrietta --> Henrietta 
epithelial --> épithélium 
willie --> willie 
walton --> walton 
mona --> mona 
passion --> la passion 
guile --> ruse 
anteater --> fourmilier 
adair --> adair 
intend --> intention de 
eastwood --> Eastwood 
demography --> démographie 
voltage --> Tension 
saliva --> salive 
encryption --> chiffrement 
unction --> onction 
sulphur --> soufre 
quartile --> quartile 
bodhisattva --> bodhisattva 
copra --> copra 
swore --> abréger 
permitted --> permis
daly --> Daly 
waterfall --> cascade 
burro --> le beurre 
desist --> cesser 
manioc --> manioc 
tantrum --> colère 
mailman --> facteur
ranch --> ranch 
atheist --> athée 
flashy --> tape à l'oeil 
zebra --> zèbre
fame --> notoriété 
avoid --> éviter 
darry --> darrier 
effectual --> efficace 
power --> Puissance 
sneer --> ricanement 
omnipotent --> omnipotent
ky --> ce 
messenger --> messager
comfort --> confort 
lacy --> de dentelle 
sum --> somme 
ding --> ensemble 
dumb --> stupide 
agreeing --> acceptant 
stepchild --> beau-fils 
ignite --> enflammer 
aircraft --> avion 
transmissible --> transmissible 
jugate --> juge 
christy --> christy 
musicale --> musical 
multinomial --> multimomial 
meringue --> Meringue 
credible --> crédible 
adolphus --> adolphe 
pampa --> pampa 
ebullient --> exubérant
wireman --> oie 
scalp --> cuir chevelu 
choir --> choral
demitting --> démantèlement 
livery --> livrée 
adduce --> apporter 
explicit --> explicite 
paddock --> paddock 
leibniz --> leibniz 
merrymake --> merrymake 
dairymen --> dairymen 
lieberman --> Lieberman 
materiel --> Provisions 
boswell --> boswell 
melon --> melon 
hebephrenic --> hebephrenic 
copolymer --> copolymère 
illiterate --> analphabète 
paragon --> parangon 
mort --> mort 
coplanar --> coplemanaire 
shah --> shah 
courtesy --> courtoisie 
butterfat --> matière grasse 
judo --> judo 
gibberish --> charabia 
inadmissible --> inadmissible 
bedevil --> tourmenter 
inference --> inférence 
beautify --> embellir 
stifle --> étouffer 
faulty --> défectueux 
taut --> tendu
tyrosine --> tyrosine 
speed --> la vitesse 
michigan --> Michigan 
beige --> beige 
olivier --> olivier 
stipend --> traitement 
garfield --> garfeld 
region --> Région 
cockleshell --> cockleshell 
stator --> stator 
anaphoric --> anaphorique 
dynamite --> dynamiter 
gemma --> gemme 
callaghan --> callaghan 
groom --> jeune marié
jacobsen --> Jacobsen. 
deform --> déformer 
plushy --> peluche 
fecal --> fécal
needy --> nécessiteux 
acm --> Dhw 
perpetuate --> perpétuer 
bird --> oiseau 
pointwise --> de point 
fuse --> Couleur 
seldom --> rarement 
wife --> épouse 
douse --> éteindre 
fluorspar --> spath fluor 
debar --> Interdire 
populist --> populiste 
expansible --> expansible 
dramaturgy --> dramaturgie 
cassandra --> Cassandra 
stitch --> point 
wheresoever --> plus tard 
transient --> transitoire 
quantum --> quantum 
summitry --> sommation 
petrochemical --> pétrochimique 
quicksand --> sables mouvants 
tally --> pointage 
curmudgeon --> avare 
speakeasy --> speakeasy 
alex --> alex 
guy --> mec 
none --> rien 
punk --> punk 
spot --> tache 
omnipresent --> omniprésent
million --> million 
moron --> imbécile 
moore --> moore 
career --> carrière 
chaparral --> chapharral 
sheet --> feuille 
melt --> faire fondre 
exonerate --> disculper 
longitude --> longitude 
might --> force 
date --> Date 
kodachrome --> kodachrome 
marvel --> merveille 
blomberg --> Blomberg. 
savage --> sauvage 
bellhop --> groom 
domineer --> dominer 
cowl --> capot 
theoretician --> théoricien
choke --> étouffer 
bratwurst --> bratwurst 
medea --> média 
manganese --> manganèse 
extractor --> extracteur 
cylinder --> cylindre 
divisible --> divisible 
cutset --> Couper 
mcdougall --> McDougall 
adequate --> adéquat
addison --> addition 
impious --> impie 
scarlatti --> écarlate 
tecum --> avec 
sociolinguistic --> sociolinguistique 
madagascar --> Madagascar 
disruption --> perturbation 
holmes --> holmes 
oak --> chêne 
bloodshed --> effusion de sang 
negotiate --> négocier 
fairfield --> Fairfield 
croatia --> Croatie 
scrub --> frotter 
hesitater --> hésiter 
fed --> nourris 
palp --> Pulpe 
cal --> avoir besoin 
negotiable --> négociable 
end --> finir 
lifespan --> durée de vie 
maternal --> maternel
mcdowell --> McDowell 
mandrake --> mandragore 
haplology --> haplologie 
abetted --> abandonné
rope --> corde 
etruscan --> étrusque 
jerome --> Jérôme 
property --> biens 
sit --> s'asseoir 
kristin --> kristin 
towhee --> remorque 
hormonal --> hormonal
pocketbook --> pocketbook 
histidine --> histidine 
louisa --> Louisa 
conspicuous --> visible 
medal --> médaille 
bumble --> bourdonner 
garble --> brouillage 
prosecution --> poursuite 
biaxial --> biaxial 
despair --> désespoir 
artery --> artère 
heat --> Chauffer 
barbudo --> barbu 
brevity --> brièveté 
tool --> outil 
bulk --> masse 
radian --> radian 
shinto --> shinto 
declaration --> déclaration 
wacke --> wacke 
compulsive --> compulsif
slogan --> slogan 
bowman --> archer 
heal --> soigner 
gould --> gould 
incurring --> incitant 
delight --> plaisir 
sensitive --> sensible 
shawnee --> shawnee 
hoot --> huée 
ecstasy --> extase 
revolutionary --> révolutionnaire 
chartreuse --> chartreuse 
worrisome --> inquiétant
detach --> détacher 
punch --> coup de poing 
crises --> crise 
basic --> de base 
drift --> dérive 
mid --> milieu 
hong --> rouge 
usurious --> usuraire 
juan --> le volume 
hermitian --> hermitien 
oswald --> oswald 
reverend --> révérend 
amadeus --> Amadeus 
regulatory --> réglementaire 
homemade --> fatal
landscape --> paysage 
coriander --> coriandre 
adiabatic --> adiabatique 
discreet --> discret
tong --> avec 
brownie --> lutin 
adjectival --> adjectival
osaka --> Osaka 
plump --> dodu
sacristan --> sacristain
rumple --> froisser 
scion --> scion 
patrol --> patrouille 
fatal --> fatal
broglie --> broglie 
dante --> Dante 
expansion --> expansion 
doge --> doge 
velvet --> velours 
mccracken --> McCracken 
westchester --> Westchester 
clime --> atmosphère 
palisade --> palissade 
partook --> prendre part 
tamarind --> Tamarin 
mcintosh --> McIntosh 
perversion --> perversion 
nutate --> nutritif 
trade --> Commerce 
canaveral --> canaveral 
schoolteacher --> professeur de l'école 
medium --> moyen
slain --> tuer 
librarian --> bibliothécaire 
core --> coeur 
agee --> age 
cedric --> Cédric 
ascomycetes --> Ascomycète 
bloch --> bloch 
respond --> répondre 
clerk --> employé de bureau 
stonehenge --> Stonehenge 
ichneumon --> ichneumon 
cottontail --> coton 
glutton --> glouton
examination --> examen 
grandmother --> grand-mère 
collision --> collision 
sentient --> sensible 
euphonious --> euphonique 
bang --> aider 
fortune --> fortune 
jed --> jédal 
filmdom --> film 
echelon --> échelon 
schumacher --> schumacher 
exploratory --> exploratoire 
inferential --> inférentiel 
normandy --> la Normandie 
domingo --> dimanche 
pacifist --> pacifiste 
invasive --> envahissant
lash --> fouetter 
fenugreek --> Fenugrec 
senatorial --> sénatorial
desorption --> désorption 
turnover --> chiffre d'affaires 
stopgap --> arrêt 
oscar --> oscar 
woman --> femme 
masochist --> masochiste 
stingy --> avare 
oppenheimer --> oppenheimer 
prolate --> préolé 
otherwise --> autrement 
renault --> renault 
psychoacoustic --> psychoacoustique 
honshu --> Cette sorte 
nucleoli --> nucléoli 
psyllium --> psyllium 
handbag --> Sac à main 
candidate --> candidat
darrell --> darrell 
hither --> ici 
jocular --> enjoué
angst --> craindre 
osmosis --> osmose 
stinky --> chic 
artificial --> artificiel
pilferage --> piloter 
thracian --> thracien 
salem --> salé 
nicodemus --> nicodème 
nymph --> nymphe 
freud --> frontière 
verna --> verni
cozen --> tromper 
maxwell --> maxwell 
nordhoff --> nordhoff 
tableaux --> tableaux 
beech --> hêtre 
bookish --> bizarre 
coin --> pièce de monnaie 
instantaneous --> instantané
skip --> sauter 
transonic --> transonique 
watchman --> gardien 
casanova --> Casanova 
harrow --> herse 
hendrickson --> hendrickson 
bromine --> brome 
regress --> régresser 
awesome --> impressionnant
nehru --> Nehru 
furlong --> futur 
scarsdale --> cagique 
hotelman --> Dans l'hôtel 
aphid --> puceron 
confirmation --> confirmation 
drafty --> dedans 
gluey --> gluant
tog --> pris 
leaflet --> brochure 
encomia --> économie 
layton --> layton 
hypnosis --> hypnose 
bhagavadgita --> Bhagavadgita 
collimate --> collision 
trident --> trident 
hydrate --> hydrater 
gimlet --> vrille 
tennis --> tennis 
ix --> ré 
transcend --> transcender 
adriatic --> adriatique 
propel --> propulser 
credulous --> crédule 
client --> client
augean --> augure 
lechery --> luxure 
egan --> foie gras 
crease --> pli 
christiana --> christiana 
configure --> configurer 
baobab --> baobab 
dexterity --> dextérité 
americana --> américain 
sequestration --> séquestration 
downy --> duveteux 
salton --> salon 
hieratic --> hiératique 
malta --> Malte 
sepal --> sépale 
complimentary --> compliment 
cheeky --> effronté
caution --> mise en garde 
arrear --> arriéré 
passage --> passage 
salvo --> sauf 
daylight --> lumière du jour 
carpetbagger --> profiteurs
uranyl --> uranyle 
individuate --> identifié 
stunt --> cascade 
okra --> gombo 
breakup --> rompre 
oratoric --> Oratoire 
blueback --> blueback 
tuscany --> toscan
amnesiac --> amnésique 
queensland --> Queensland 
hermeneutic --> herméneutique 
prom --> bal de promo 
gavotte --> gavotte 
class --> classer 
flanders --> flamand 
cycad --> cycad 
liveth --> vivre 
florist --> fleuriste 
lakh --> Lakh 
sudanese --> soudanais 
waals --> waals 
swung --> balancé
madhya --> Milieu 
whereof --> de quoi 
whither --> où 
teaspoon --> cuillère à café 
conspirator --> conspirateur
coat --> manteau 
lookup --> chercher 
dennis --> dennis 
grump --> grognon
lottie --> lottie 
oval --> ovale 
seance --> seance 
artful --> astucieux 
curia --> curie 
semblance --> semblant 
luke --> Luke 
pee --> pipi 
shipbuilding --> construction navale 
allemand --> allemand 
bstj --> BSTJ 
plug --> prise de courant 
epigraph --> épigraphe 
axolotl --> Axolotl 
ectoderm --> ectoderme 
hewn --> héberger 
keto --> ces 
cambric --> batiste 
eelgrass --> chancre 
incongruity --> incongruité 
pottery --> poterie 
sobriety --> sobriété 
squeal --> hurler 
boatswain --> bateau de bateau 
nottingham --> Nottingham 
margo --> marier 
raritan --> rarian 
tito --> tito 
homogenate --> homogénéiser 
micro --> micro 
bentham --> bentham 
panicle --> panicule 
univac --> univac 
therapeutic --> thérapeutique 
sforzando --> stress 
cascara --> coquille 
irritate --> irriter 
rachel --> rachel 
visa --> Afficher 
herself --> se 
jorgensen --> jorgensen 
yakima --> yakima 
terrific --> terrifiant
fs --> fs 
flame --> flamme 
quizzes --> quiz 
retaliatory --> de représailles 
fairchild --> fairchild 
aboard --> une planche 
tirade --> tirade 
holystone --> hydroface 
fetch --> aller chercher 
asheville --> Asheville 
barrier --> barrière 
afterimage --> image différée 
crescent --> croissant
habib --> Amant 
debby --> de Debby 
peppergrass --> peppergrass 
drudgery --> corvée 
alpheratz --> alpheratz 
fusion --> la fusion 
wadsworth --> Wadsworth 
winemake --> victoire 
expand --> développer 
incorrigible --> incorrigible 
printout --> imprimer 
twain --> twain 
impetuous --> impétueux
bloodhound --> limier 
brocade --> brocart 
christensen --> Christensen. 
sad --> à présent 
indissoluble --> indissoluble 
macmahon --> macmahon 
stock --> Stock 
auric --> auric 
trouble --> difficulté 
cricket --> criquet 
modular --> modulaire 
owens --> Owens 
respondent --> intimé
cosponsor --> Casponor 
spell --> épeler 
columbine --> ancolie 
introject --> introject 
meiosis --> méiose 
sticktight --> satellité 
bailey --> bailey 
unital --> unital 
laramie --> laramie 
induct --> installer 
lemming --> lemming. 
chivalry --> chevalerie 
remembrance --> souvenir 
orography --> orographie 
q --> q 
obstruct --> obstruer 
bator --> batare 
wingspread --> goudronner 
transmitted --> transmis 
leapt --> sauter 
winy --> la faute 
firsthand --> sapinte 
kulak --> oreille 
vinyl --> vinyle 
wharton --> wharton 
lilian --> Vivre 
slocum --> slocum 
bluebush --> bluebush 
spark --> étincelle 
bloom --> floraison 
hooch --> gnôle 
match --> correspondre 
domicile --> domicile 
rosen --> Route 
bel --> magnifique 
quid --> Quel 
doggone --> doggone 
pacifism --> pacifisme 
thanksgiving --> action de grâces 
pastor --> pasteur 
intimate --> intime 
deducible --> déductible 
guild --> guilde 
sanderson --> sanderson 
ida --> est 
creek --> ruisseau 
broken --> cassé
berlioz --> berlioz 
quarrymen --> carrymen 
pythagoras --> Pythagoras 
grate --> grille 
antimony --> antimoine 
doff --> Enlever. 
dreyfuss --> dreyfuss 
godhead --> divinité 
superfluous --> superflu
wishbone --> wishbone 
retardant --> ignorant
shirley --> shirley 
beckman --> beckman 
pueblo --> ville 
eternity --> éternité 
acclaim --> acclamer 
frost --> gel 
carborundum --> carborundum 
vector --> vecteur 
histrionic --> théâtral
most --> les plus 
marcello --> Marcello 
sensuous --> sensuel
immoral --> immoral
exchange --> échange 
sparkman --> Sparkman 
pius --> pie 
gandhian --> gandhian 
joanna --> juvénile 
secant --> sécant
admitting --> admettant 
intervenor --> intervenant 
skirmish --> escarmouche 
rub --> frotter 
sketchy --> vague 
anode --> anode 
conveyor --> convoyeur
eject --> éjecter 
chastise --> punir 
jordan --> Jordan 
sideband --> bande 
connoisseur --> connaisseur
bitternut --> amer 
anonymity --> anonymat 
kin --> proche 
vee --> l'eau 
transatlantic --> transatlantique 
paul --> Paul 
floyd --> floyt 
creamery --> laiterie 
belove --> être l'amour 
nut --> noix 
trillion --> mille milliards 
noah --> Noé 
ant --> par terre 
sink --> évier 
embalm --> embaumer 
petroleum --> pétrole 
serpent --> serpent 
epicurean --> épicurien
cob --> épi 
oldy --> vieille 
galvanism --> galvanisme 
mistletoe --> du gui 
transduction --> transduction 
irate --> furieux 
maurice --> maurice 
discipline --> la discipline 
astraddle --> Thajouter 
conference --> conférence 
pizza --> Pizza 
alpaca --> alpaga 
thrace --> traverser 
nbc --> NBC 
obtrude --> imposer 
nh --> n 
burmese --> birman
earnest --> sérieux
revelation --> révélation 
moisten --> humidifier 
admiralty --> amirauté 
tyburn --> Tyburn 
blow --> coup 
uptake --> abstention 
fluoride --> fluorure 
bespoke --> scope 
redemption --> rachat 
cameraman --> cameraman 
supercilious --> sourcilleux 
spinster --> vieille fille 
deprecatory --> désapprobateur
treatise --> traité 
barnes --> barnes 
jesuit --> jésuite 
grist --> Christ 
swelt --> swlt 
philippine --> philippin
parthenon --> Parthénon 
casteth --> caster 
ate --> a mangé 
minnow --> minnow 
projector --> projecteur 
dark --> foncé
railroad --> chemin de fer 
anhydride --> anhydride 
prowess --> prouesse 
coupon --> coupon 
teleost --> téléosté 
okapi --> okapi 
condone --> fermer les yeux sur 
virgin --> vierge 
impart --> donner 
alberto --> Alberto. 
uganda --> Ouganda 
augustine --> Augustin 
katie --> Katie 
slippage --> glissement 
contribution --> contribution 
cadaverous --> cadavéreux
lake --> Lac 
willard --> vacher
yell --> crier 
minot --> minot
bengal --> Bengale 
ii --> yl 
dietetic --> diététique 
isaacson --> Isaacson 
dirac --> Dirac 
primary --> primaire 
anglo --> anglo 
quantile --> quantiqué 
katmandu --> Katmandou. 
imprudent --> imprudent 
combustion --> la combustion 
radii --> rayon 
bladderwort --> bladderwort 
fiscal --> fiscal
frenchmen --> francaire 
robbery --> vol 
circumspect --> circonspect
pyridoxine --> pyridoxine 
selma --> Selma 
spumoni --> spumoni 
lounge --> salon 
surjective --> sujectif 
cyclotron --> cyclotron 
neutron --> neutron 
funnel --> entonnoir 
petri --> Petri 
coed --> étudiant 
mandrill --> mandrill 
beryl --> béryl 
anamorphic --> anamorphique 
revive --> relancer 
nebula --> nébuleuse 
sabbath --> sabbat 
maximum --> maximum 
rivalry --> rivalité 
masquerade --> mascarade 
baneful --> funeste 
dine --> le tiens 
resurgent --> renaissant
rockies --> rockies 
nimh --> NiMH 
cerberus --> Cerberus 
quetzal --> quetzal 
cashew --> anacardier 
fluoresce --> fluorescité 
physiology --> physiologie 
tuberous --> tuberculeux 
cofactor --> cofacteur 
spanish --> espagnol
german --> allemand
classificatory --> classificatoire 
madcap --> écervelé
hydraulic --> hydraulique 
pollutant --> polluant 
grind --> moudre 
technic --> technique 
codebreak --> veille 
script --> scénario 
snare --> piège 
refutation --> réfutation 
wittgenstein --> wittgenstein 
tangential --> tangentiel
freehold --> enflammer 
pensive --> pensif
machinery --> machinerie 
artisan --> artisan
logistic --> la logistique 
atlantis --> Atlantis 
starlet --> starlette 
ghana --> Ghana 
gauntlet --> gant 
scotia --> Scotia 
fortify --> fortifier 
buzz --> bourdonner 
blame --> faire des reproches 
missouri --> Missouri 
hack --> pirater 
ascii --> ascii 
otter --> loutre 
silkworm --> ver à soie 
epstein --> epstein 
abel --> Abel 
inquisition --> inquisition 
ductile --> ductile 
incompatible --> incompatible 
wren --> roitelet 
phipps --> phipps 
headland --> promontoire 
own --> propre 
seep --> infiltrer 
revert --> revenir 
epidemic --> épidémie 
construct --> construction 
modest --> modeste 
munificent --> munificent
transfinite --> transfinement 
adaptation --> adaptation 
freehand --> à main levée 
warehouse --> dépot 
airmen --> aviateurs 
neptune --> Neptune 
watch --> Regardez 
saskatoon --> Saskatoon 
sarong --> sarong. 
guaranteeing --> garantir 
tumult --> tumulte 
ralph --> ralph 
maria --> Marie 
cyprian --> cyprien 
maximal --> maximum 
bumpy --> cahoteux
semper --> toujours 
cabot --> cabot 
canvasback --> canvasback 
criminal --> criminel
send --> envoyer 
mumford --> Mumford 
sidemen --> sidémité 
bigelow --> bigelow 
turtleneck --> col roulé 
safety --> sécurité 
charlottesville --> Charlottesville 
guise --> apparence 
neologism --> néologisme 
globe --> globe 
expertise --> compétence 
electro --> électro 
sideway --> voie secondaire 
jeroboam --> jéroboam 
ripoff --> vol 
gnp --> PNB 
patagonia --> Patagonie 
shortcake --> creffe 
multifarious --> divers 
devious --> sournois 
grime --> crasse 
abandon --> abandonner 
tarrytown --> Taturytown 
seagull --> mouette 
carpetbagging --> tapis de tapis 
keystone --> clé de voûte 
occlusive --> occlusif
squat --> s'accroupir 
menagerie --> ménagerie 
tuple --> tuple 
shortish --> assez petit 
doyle --> Doyle 
apoplexy --> apoplexie 
bury --> enterrer 
compliment --> compliment 
trimester --> trimestre 
crankshaft --> vilebrequin 
fungi --> champignon 
tailwind --> ventouse 
mockernut --> moquerie 
survival --> survie 
haddad --> Haddad 
tachyon --> tachyon 
pomology --> pomologie 
television --> télévision 
musculature --> musculature 
assimilate --> assimiler 
icky --> Icky 
plasm --> plasma 
polyandrous --> polyandre 
hoff --> hoff 
sail --> naviguer 
digram --> digram 
callus --> cal 
walgreen --> lutter contre